proceso_id,seccion,texto_original,pagina,archivo_pdf,fecha_extraccion
contratacion_pli_subinv,FORMULARIOS,"12    como también por la determinación y aplicabilidad de los formularios previstos para  el presente procedimiento, y finalmente, reemplazarán todo texto que conste en  paréntesis por el contenido pertinente.",12,8-RESOLUCIONsercop-2023-0138pliegosyreformas-signed.pdf,2025-09-24
contratacion_pli_subinv,CONDICIONES_PROCEDIMIENTO,"17    (Detallar los planos que se anexarán)    2.3.2. Participación ecuatoriana mínima del proyecto establecida por la  entidad contratante con base al Estudio de Desagregación Tecnológica: El  porcentaje de participación ecuatoriana mínimo exigible para el presente  procedimiento de contratación se presenta a continuación:    Descripción del  Rubro  Cantidad  Precio  Unitario  del rubro  ($)  Precio  Global  del  rubro  ($)  Precio  Relativo  del  rubro   (%)  Agregado  ecuatoriano del  Rubro (%)  Agregado  ecuatoriano  Ponderado  (%)                                            PORCENTAJE DE PARTICIPACIÓN ECUATORIANA MÍNIMO DEL  PROYECTO      SECCION III  CONDICIONES DEL PROCEDIMIENTO    3.1.  Cronograma del procedimiento: El cronograma que regirá el  procedimiento será el siguiente:     No.  Concepto  Día  Hora  1  Fecha de publicación       2  Fecha límite de preguntas      3  Fecha límite para emitir respuestas y  aclaraciones      4  Fecha límite entrega de ofertas       5  Fecha límite de apertura de ofertas       6  Fecha estimada de adjudicación        En el caso de ser necesario, el término para la convalidación de errores será de  (número de días), de acuerdo al siguiente cronograma:",17,8-RESOLUCIONsercop-2023-0138pliegosyreformas-signed.pdf,2025-09-24
contratacion_pli_subinv,FORMULARIOS,"18    No.  Concepto  Día  Hora  7  Fecha límite para solicitar convalidación  de errores  8  Fecha límite para convalidación de errores  9  Fecha estimada de adjudicación    La máxima autoridad de la entidad contratante o su delegado, de considerarlo de  manera motivada, podrá cambiar el cronograma, únicamente en las fases de  preguntas, respuestas y aclaraciones. Para el efecto publicará en el Portal  COMPRASPÚBLICAS la resolución motivada respectiva y procederá con el  cambio requerido, previo a la fecha límite de la fase indicada.    3.2.  Vigencia de la oferta: Las ofertas se entenderán vigentes hasta (determinar  vigencia en días calendario). En caso de que no se señale una fecha estará vigente  hasta la celebración del contrato, de acuerdo a lo establecido en la Ley Orgánica del  Sistema Nacional de Contratación Pública.    3.3.  Precio de la oferta: Se entenderá por precio de la oferta al valor que el  oferente haga constar en el Portal COMPRASPÚBLICAS, información que se  completará a través del formulario único de la oferta.    3.3.1. Alcance del precio de la oferta: El precio de la oferta deberá cubrir el valor  de la depreciación, operación y mantenimiento de los equipos, (si son de propiedad  del oferente) y el costo de arrendamiento en el caso de ser alquilados, el costo de los  materiales, equipos y accesorios a incorporarse definitivamente en el proyecto,  mano de obra, transporte, etc.; los costos indirectos, los impuestos y tasas vigentes;  así como, los servicios para la ejecución completa de la obra a contratarse, es decir,  todo lo necesario para entregar la obra contratada lista para ser puesta en servicio.     De existir errores aritméticos se procederá a su corrección conforme a lo previsto  en la normativa expedida por el Servicio Nacional de Contratación Pública para el  efecto.    3.4.  Forma de presentar la oferta: La oferta se deberá presentar a través del  Portal de COMPRASPÚBLICAS.",18,8-RESOLUCIONsercop-2023-0138pliegosyreformas-signed.pdf,2025-09-24
contratacion_pli_subinv,FORMULARIOS,"20    SECCIÓN IV  VERIFICACIÓN Y EVALUACIÓN DE LAS OFERTAS    4.1.  Verificación de las ofertas: Para la verificación del cumplimiento de  integridad y requisitos mínimos, se estará a la metodología cumple / no  cumple.    4.1.1. Integridad de las ofertas: La integridad de las ofertas consiste en la  verificación de la presentación de los formularios previstos en el pliego de  acuerdo al siguiente detalle:    I. Formulario Único de la Oferta    1.1. Presentación y compromiso  1.2. Datos generales del oferente.  1.3. Nómina de accionistas, partícipes o socios mayoritarios de personas  jurídicas y declaración de beneficiario final.  1.4. Situación financiera  1.5. Tabla de descripción de rubros, unidades, cantidades y precios  1.6. Análisis de precios unitarios  1.7. Metodología de construcción  1.8. Cronograma valorado de trabajos  1.9. Experiencia del oferente  1.10.  Personal técnico propuesto para el proyecto  1.11.  Equipo asignado al proyecto  1.12 Participación ecuatoriana para el proyecto, propuesta por el oferente    II. Formulario de compromiso de cumplimiento de parámetros en etapa  contractual    2.1. Compromiso de cumplimiento de parámetros en etapa contractual:  equipo mínimo requerido; personal técnico mínimo requerido y  experiencia mínima del personal técnico; y, metodología.    III. Formulario de compromiso de asociación o consorcio (de ser  procedente)",20,8-RESOLUCIONsercop-2023-0138pliegosyreformas-signed.pdf,2025-09-24
contratacion_pli_subinv,FORMULARIOS,"21    IV. Formulario de compromiso de subcontratación (de ser procedente)    Observaciones: (La entidad contratante podrá determinar las observaciones que  considere)    4.1.2. Equipo mínimo:    No.   Equipo y/o instrumentos  Cantidad  Características                            4.1.3. Personal técnico mínimo:    No.  Función  Nivel de  Estudio  Titulación  Académica  Cantidad              4.1.4. Experiencia general y específica mínima:    a. La entidad contratante definirá con precisión cuál es la experiencia mínima  que deberá acreditar el oferente, de acuerdo al cumplimiento de las  condiciones en relación a los montos mínimos requeridos para cada tipo de  experiencia; se definirá exactamente qué tipo de obras se aceptarán como  experiencia general y cuales como experiencia específica; así como el  instrumento por el que se demostrará la misma.    b. Para la determinación del cumplimiento de la experiencia general y  específica mínima se estará a lo establecido, por el Servicio Nacional de  Contratación Pública para los procedimientos de contratación.    c. La experiencia específica mínima deberá estar directamente relacionada con  el objeto de la contratación.",21,8-RESOLUCIONsercop-2023-0138pliegosyreformas-signed.pdf,2025-09-24
contratacion_pli_subinv,FORMULARIOS,24      4.1.5. Experiencia mínima del personal técnico:    No.  Función  Nivel de  estudio  Titulación  Académica  Cantidad                        No.  Descripción  Tiempo  Número de  Proyectos  Monto de  Proyectos                        4.1.6. Patrimonio: (Aplicable a personas jurídicas)    4.1.7. Metodología de construcción     La entidad contratante deberá especificar los aspectos puntuales que el oferente  deberá cumplir como parte de la metodología de construcción. Este requisito será  exigido en pliego pero no será considerado como un parámetro de verificación de la  oferta ni será objeto de evaluación por puntaje.    4.1.8. Cronograma de ejecución del proyecto:     El cronograma de ejecución de la obra será presentado por el oferente y verificado  por la entidad contratante conforme lo establecido en este pliego.    4.1.9. Verificación de cumplimiento de integridad y requisitos mínimos de la  oferta:    PARÁMETRO  CUMPLE  NO CUMPLE  OBSERVACIONES  Integridad de la oferta        Equipo mínimo      Este parámetro se considerará  cumplido  con  la  sola  presentación del Formulario de,24,8-RESOLUCIONsercop-2023-0138pliegosyreformas-signed.pdf,2025-09-24
contratacion_pli_subinv,FORMULARIOS,25    compromiso de cumplimiento  de  parámetros  en  etapa  contractual.  Personal  técnico  mínimo      Este parámetro se considerará  cumplido  con  la  sola  presentación del Formulario de  compromiso de cumplimiento  de  parámetros  en  etapa  contractual.  Experiencia  General  mínima        Experiencia Específica  mínima        Experiencia mínima del  personal técnico      Este parámetro se considerará  cumplido  con  la  sola  presentación del Formulario de  compromiso de cumplimiento  de  parámetros  en  etapa  contractual.  Patrimonio  (Personas  Jurídicas)        Metodología  de  ejecución de la obra      Este parámetro se considerará  cumplido  con  la  sola  presentación del Formulario de  compromiso de cumplimiento  de  parámetros  en  etapa  contractual.  Cronograma  de  ejecución de la obra        Porcentaje  de  participación  ecuatoriana  mínimo  (Desagregación  Tecnológica),25,8-RESOLUCIONsercop-2023-0138pliegosyreformas-signed.pdf,2025-09-24
contratacion_pli_subinv,FORMULARIOS,"32      En las planillas de ejecución de trabajos o avance de obra, se incluirán los  resultados de verificación de origen de los componentes y elementos (mano de  obra, materiales, equipos y servicios) utilizados para la ejecución de los trabajos a  ser planillados, declarado por la Fiscalización con base a la supervisión in situ de  los trabajos, las facturas de provisión de materiales y servicios, y formularios de  pago de aportes al IESS de la mano de obra.    5.4.2. Facturación y reajuste: El contratista preparará las planillas, las cuales se  pondrán a consideración de la fiscalización en los (número de días) de cada  (período), y serán aprobadas por ella en el término de (número de días), luego de lo  cual, en forma inmediata, se continuará el trámite de autorización del administrador  del contrato y solo con dicha autorización se procederá al pago.     A cada planilla se adjuntarán los anexos de medidas, ensayos de suelos y  materiales, aprobaciones y otros que correspondan.    Además, el contratista presentará con las planillas el estado de avance del  proyecto y un cuadro informativo resumen, que indicará, para cada concepto de  trabajo, el rubro, la descripción, unidad, la cantidad total y el valor total  contratado, las cantidades y el valor de los trabajos ejecutados hasta el periodo  anterior, y en el período en consideración, y la cantidad y el valor de los trabajos  acumulado hasta la fecha, incluyendo el valor de los rubros subcontratados. Estos  documentos se elaborarán según el modelo preparado por la fiscalización y serán  requisito indispensable para tramitar la planilla correspondiente.    En cada planilla de obra ejecutada, el fiscalizador o la unidad de control de cada  obra, calculará el reajuste de precios provisional, aplicando las fórmulas de reajuste  que se indican en el contrato. En el caso de aplicar el reajuste de precios, se  establecerá como fecha de partida -sub cero-, la correspondiente a los treinta (30)  días anteriores de la fecha límite de presentación de las ofertas.     El fiscalizador realizará el reajuste definitivo tan pronto se publiquen los índices del  INEC.",32,8-RESOLUCIONsercop-2023-0138pliegosyreformas-signed.pdf,2025-09-24
contratacion_pli_subinv,FORMULARIOS,33                                    FORMULARIO ÚNICO DE LA OFERTA  MODELO DE PLIEGO DE LOS PROCEDIMIENTOS DE LICITACIÓN  DE OBRAS  Versión 2023-001,33,8-RESOLUCIONsercop-2023-0138pliegosyreformas-signed.pdf,2025-09-24
contratacion_pli_subinv,FORMULARIOS,"34      MODELO DE PLIEGO DE LOS PROCEDIMIENTOS DE LICITACIÓN DE  OBRAS  Versión 2023-001    III. FORMULARIOS DE LICITACIÓN DE OBRAS     SECCIÓN I  FORMULARIO ÚNICO DE LA OFERTA  1.1.  PRESENTACIÓN Y COMPROMISO  1.2.  DATOS GENERALES DEL OFERENTE  1.3.  NÓMINA DE ACCIONISTAS, PARTÍCIPES O SOCIOS  MAYORITARIOS DE PERSONAS JURÍDICAS Y DECLARACIÓN DE  BENEFICIARIO FINAL.  1.4.  SITUACIÓN FINANCIERA  1.5.  TABLA DE DESCRIPCIÓN DE RUBROS, UNIDADES,  CANTIDADES Y PRECIOS  1.6.  ANÁLISIS DE PRECIOS UNITARIOS  1.7.  METODOLOGÍA DE CONSTRUCCIÓN  1.8.  CRONOGRAMA VALORADO DE TRABAJOS  1.9.  EXPERIENCIA DEL OFERENTE  1.10. PERSONAL TÉCNICO PROPUESTO PARA EL PROYECTO  1.11. EQUIPO ASIGNADO AL PROYECTO  SECCIÓN II     FORMULARIO DE COMPROMISO DE CUMPLIMIENTO DE  PARÁMETROS EN ETAPA CONTRACTUAL  2.1. Compromiso de cumplimiento de parámetros en etapa contractual:  equipo mínimo requerido; personal técnico mínimo requerido y  experiencia del personal técnico; metodología  SECCIÓN III    FORMULARIO DE COMPROMISO DE ASOCIACIÓN O  CONSORCIO  SECCIÓN IV  FORMULARIO DE COMPROMISO PARA SUBCONTRATACIÓN",34,8-RESOLUCIONsercop-2023-0138pliegosyreformas-signed.pdf,2025-09-24
contratacion_pli_subinv,FORMULARIOS,"35    SECCIÓN I  FORMULARIO ÚNICO DE LA OFERTA    NOMBRE DEL OFERENTE:  ……………………………………………………….    1.1.  PRESENTACIÓN Y COMPROMISO    El que suscribe, en atención a la convocatoria efectuada por (nombre de la  entidad contratante) para la ejecución de (nombre de la obra o proyecto), luego  de examinar el pliego del presente procedimiento de ejecución de obras, al  presentar esta oferta por (sus propios derechos, si es persona natural) /  (representante legal o apoderado de si es persona jurídica), (procurador común  si se trata de asociación o consorcio) declara que:    1.  La única persona o personas interesadas en esta oferta está o están  nombradas en ella, sin que incurra en actos de ocultamiento o simulación  con el fin de que no aparezcan sujetos inhabilitados para contratar con el  Estado.    2.  La oferta la hace en forma independiente y sin conexión abierta u oculta  con otra u otras personas, compañías o grupos participantes en este  procedimiento de ejecución de obras     3. Al presentar esta oferta, cumple con toda la normativa general, sectorial y  especial aplicable a su actividad económica, profesión, ciencia u oficio; y,  que los equipos vehículos y materiales que se incorporarán a la obra, así  como los que se utilizarán para su ejecución, en caso de adjudicación del  contrato, serán de propiedad del oferente o arrendados y contarán con todos  los permisos que se requieran para su utilización.    4. Suministrará la mano de obra, equipos y materiales requeridos para la  construcción del proyecto, de acuerdo con el pliego, realizará las obras en el  plazo y por los precios unitarios indicados en el Formulario Único de la  Oferta; que, al presentar esta oferta, ha considerado todos los costos  obligatorios que debe y deberá asumir en la ejecución contractual,  especialmente aquellos relacionados con obligaciones sociales, laborales, de  seguridad social, ambientales y tributarias vigentes.    5. Acepta que en el caso de que se comprobare una violación a los  compromisos establecidos en el presente Formulario, la entidad contratante",35,8-RESOLUCIONsercop-2023-0138pliegosyreformas-signed.pdf,2025-09-24
contratacion_pli_subinv,FORMULARIOS,"36    le descalifique como oferente, o dé por terminado en forma inmediata el  contrato, observando el debido proceso, para lo cual se allana a responder  por los daños y perjuicios que tales violaciones hayan ocasionado.    6. Conoce las condiciones del sitio de la obra, ha estudiado los planos,  especificaciones técnicas y demás información del pliego, las aclaraciones y  respuestas realizadas en el proceso, y en esa medida renuncia a cualquier  reclamo posterior, aduciendo desconocimiento por estas causas.    7. Entiende que las cantidades indicadas en el Formulario de Oferta para este  proyecto son solamente aproximadas y, por tanto sujetas a aumento o  disminución, por lo que está dispuesto a efectuar los aumentos y/o  disminuciones de las cantidades requeridas que fueren necesarios, a los  precios unitarios de la oferta, y dentro de los límites indicados en los planos  y especificaciones técnicas, y utilizando la modalidad que aplique de  acuerdo con la Ley Orgánica del Sistema Nacional de Contratación Pública.    8. De  resultar  adjudicatario,  manifiesta  que  suscribirá  el  contrato  comprometiéndose a ejecutar la obra sobre la base de los estudios con los  que cuente la entidad contratante, los mismos que declara conocerlos; y en  tal virtud, no podrá aducir error, falencia o cualquier inconformidad de  dichos estudios, como causal para solicitar ampliación del plazo,  contratación de rubros nuevos o contratos complementarios.    9. Garantiza la veracidad y exactitud de la información y documentación  proporcionada; así como de las declaraciones realizadas para el presente  procedimiento de contratación, inclusive aquellas respecto de la calidad de  productor nacional; contenidas en los documentos de la oferta, formularios  y otros anexos.     10. No contratará a personas menores de edad para realizar actividad alguna  durante la ejecución contractual; y que, en caso de que las autoridades del  ramo determinaren o descubrieren tal práctica, se someterán y aceptarán las  sanciones que de tal práctica puedan derivarse, incluso la terminación  unilateral y anticipada del contrato, con las consecuencias legales y  reglamentarias pertinentes.    11. Declaro que en calidad de oferente, no me encuentro incurso en las  inhabilidades generales y especiales para contratar, establecidas en la  LOSNCP y su Reglamento General y demás normativa aplicable.",36,8-RESOLUCIONsercop-2023-0138pliegosyreformas-signed.pdf,2025-09-24
contratacion_pli_subinv,FORMULARIOS,"37    12. Declaro libre y voluntariamente que la procedencia de los fondos y  recursos utilizados para el presente procedimiento de contratación pública  son de origen lícito; para lo cual, proporcionaré a la entidad contratante, al  Servicio Nacional de Contratación Pública y a los organismos de control   competentes, la información necesaria referente al representante legal, en  el caso de personas jurídicas; o, del procurador común de los compromisos  de asociación o consorcio o de las asociaciones o consorcios constituidos;  así como de sus socios o partícipes, hasta identificar a la última persona  natural. Información que le permitirá a la entidad contratante, al Servicio  Nacional de Contratación Pública y a los organismos de control  competentes, verificar que el oferente se encuentra debidamente habilitado  para participar del presente procedimiento de contratación pública.    13. Así también, en la letra C, del numeral 1.3 de la Sección I del presente  formulario, declaro la identidad de la persona natural que será el  beneficiario final de los recursos públicos y/o quien ejerza el control de las  cuentas bancarias relacionadas o inmersas en el flujo de los recursos  públicos obtenidos como consecuencia del contrato respectivo.     14. El oferente adjudicatario, una vez suscrito el contrato, acepta presentar al  inicio de la ejecución contractual, la documentación relacionada con el  equipo mínimo requerido por la entidad contratante en los pliegos; la  documentación relacionada con el personal técnico mínimo y su  experiencia; y, la presentación de la metodología de ejecución, conforme  los cronogramas de incorporación de equipo y personal operativo de  acuerdo al cronograma valorado de la oferta.    15. Así mismo, declaro conocer que toda la información relacionada con los  pagos recibidos como contratista o subcontratista del Estado; así como, sus  movimientos financieros, tendrán el carácter de públicos y deberán ser  difundidos a través de un portal de información o página web destinada para  el efecto, que permitan detectar con certeza el flujo de los fondos públicos.  No se podrá alegar reserva tributaria, societaria, bursátil ni bancaria sobre  este tipo de información.    16. Según el caso, se deberá agregar los siguientes numerales:    *(Si el oferente fuere extranjero, se añadirá un literal que dirá: d)  Previamente a la firma del contrato, el oferente se compromete a  domiciliarse en el país conforme lo dispone la Ley de Compañías; y, a  obtener el RUP).",37,8-RESOLUCIONsercop-2023-0138pliegosyreformas-signed.pdf,2025-09-24
contratacion_pli_subinv,FORMULARIOS,"38      *(Si el lugar donde se va a ejecutar la obra o se destinarán los bienes y/o  servicios objeto de la contratación pertenece al ámbito territorial  determinado en la Ley Orgánica para la Planificación Integral de la  Circunscripción Territorial Especial Amazónica, se agregará un numeral  que dirá:  El oferente, de resultar adjudicado, declara y acepta que para la  ejecución del contrato, contará con al menos el 70% de servicios o mano de  obra de residentes de esa Circunscripción, con excepción de aquellas  actividades para las que no exista personal calificado o que el bien sea de  imposible manufacturación en esa Circunscripción.)     Para constancia de lo ofertado, suscribo este formulario,            -------------------------------------------------------  FIRMA DEL OFERENTE, SU REPRESENTANTE LEGAL, APODERADO  O PROCURADOR COMÚN (según el caso) **    (LUGAR Y FECHA)    1.2.  DATOS GENERALES DEL OFERENTE.    NOMBRE DEL OFERENTE: (determinar si es persona natural, jurídica,  consorcio o asociación; en este último caso, se identificará a los miembros del  consorcio o asociación. Se determinará al representante legal, apoderado o  procurador común, de ser el caso).    DATOS GENERALES DEL OFERENTE    Participación:    Nombre del oferente:    Origen:    R.U.C.    Naturaleza:",38,8-RESOLUCIONsercop-2023-0138pliegosyreformas-signed.pdf,2025-09-24
contratacion_pli_subinv,FORMULARIOS,"41    Los accionistas, partícipes o socios mayoritarios de cada uno de los oferentes que  sean personas jurídicas, deberán completar el siguiente cuadro:        Nombres completos  del accionista,  partícipe o socio  mayoritario de la  persona jurídica  Número de cédula de  ciudadanía, RUC o  identificación similar  emitida por país  extranjero, de ser el caso  Porcentaje de  participación en la  estructura de  propiedad  de la persona jurídica  Domicilio  Fiscal            NOTA: Este apartado aplica únicamente para personas jurídicas. En el caso que  requiera mayor desglose deberá incluirlo como anexo en su oferta. De no incluir  dicha información será causal de descalificación.    C. DECLARACIÓN DE BENEFICIARIO FINAL     Declaro que las siguientes personas naturales, son los beneficiarios finales del flujo  de recursos públicos en el presente procedimiento de contratación pública:    Nombre  Cédula/Pasaporte  Nacionalidad  Nro. (s) de  Cuenta (s)   Institución  Financiera               NOTA: Este apartado debe llenarse obligatoriamente en todos los casos, sin  importar si el oferente es persona natural o persona jurídica, de conformidad con  lo señalado en la Normativa Secundaria.    1.4.  SITUACIÓN FINANCIERA    La situación financiera del oferente se demostrará con la presentación del  formulario de declaración de impuesto a la renta del ejercicio fiscal inmediato  anterior que fue entregada al Servicio de Rentas Internas SRI.    El participante presentará la información requerida por la entidad contratante para  los índices financieros por ella solicitada, conforme el siguiente cuadro:",41,8-RESOLUCIONsercop-2023-0138pliegosyreformas-signed.pdf,2025-09-24
contratacion_pli_subinv,FORMULARIOS,"47    1.11. EQUIPO ASIGNADO AL PROYECTO    Detalle del  equipo (Tipo,  potencia,  capacidad, etc.)  Fecha de  fabricación  Ubicación  actual  Propietario  actual  Matrícula  No. **  Observaciones                                          ** La columna con información de matrícula deberá ser completada  exclusivamente tratándose de vehículos y equipo caminero.    Para constancia de lo ofertado, suscribo este formulario,            -------------------------------------------------------  FIRMA DEL OFERENTE, SU REPRESENTANTE LEGAL, APODERADO  O PROCURADOR COMÚN (según el caso)    (LUGAR Y FECHA)",47,8-RESOLUCIONsercop-2023-0138pliegosyreformas-signed.pdf,2025-09-24
contratacion_pli_subinv,FORMULARIOS,"48      SECCIÓN III  FORMULARIO DE COMPROMISO DE ASOCIACIÓN O CONSORCIO    Comparecen  a  la  suscripción  del  presente  compromiso,  por  una  parte,……………………….(persona natural o representante legal de persona  jurídica), debidamente representada por…………… ………….; y, por otra parte,  (personas natural o representante legal de persona jurídica),…..………  representada por…………… …………., todos debidamente registrados y  habilitados en el RUP.    Los comparecientes, en las calidades que intervienen, capaces para contratar y  obligarse, acuerdan suscribir el presente compromiso de Asociación o Consorcio  para participar en el procedimiento de contratación No. ……., cuyo objeto  es………………………. y por lo tanto expresamos lo siguiente:    a) El Procurador Común de la Asociación o Consorcio será (indicar el  nombre), con cédula de ciudadanía o pasaporte No. ______________ de  (Nacionalidad), quien está expresamente facultado representar en la fase  precontractual.    b) El detalle valorado de los aportes de cada uno de los miembros es el  siguiente: (incluir el detalle de los aportes sea en monetario o en especies,  así como en aportes intangibles, de así acordarse).    c) Los compromisos y obligaciones que asumirán las partes en la fase de  ejecución contractual, de resultar adjudicada; son los siguientes: (detallar)    d) En caso de resultar adjudicados, los oferentes comprometidos en la  conformación de la asociación o consorcio, declaran bajo juramento que  formalizarán el presente compromiso mediante la suscripción de la  pertinente escritura pública y se habilitará al Consorcio constituido en el  RUP, para dar cumplimiento a lo previsto en la normativa expedida por el  Servicio Nacional de Contratación Pública, aplicable a este caso.    e) La asociación o consorcio está integrado por:",48,8-RESOLUCIONsercop-2023-0138pliegosyreformas-signed.pdf,2025-09-24
contratacion_pli_subinv,FORMULARIOS,"50    SECCIÓN III  FORMULARIO DE COMPROMISO PARA SUBCONTRATACIÓN  Versión 2023-001    Hoja....de .....    Yo,........................................., en mi calidad de persona natural / REPRESENTANTE  LEGAL de……………………, de profesión.............................., con número de  RUP…………., me comprometo a prestar los servicios de mi representada, como  subcontratista del oferente…………………, en el procedimiento de ejecución de  obra para la construcción de (objeto del contrato), durante el período que dure la  ejecución de la obra, con (nombre del oferente) en el caso de que suscriba el contrato  de ejecución de las obras.    Declaro bajo juramento que no tengo relación de asociación, dependencia,  parentesco de ningún tipo con los accionistas, representantes y/o propietarios de la  oferente a la cual me comprometo a prestar mis servicios en calidad de  subcontratista. Asimismo, declaro que la información que a continuación se agrega  es cierta y que ni mi persona o los socios, aportantes y/o integrantes de la MYPE y/o  EPS que represento no tiene relación de naturaleza alguna con los accionistas,  representantes y/o propietarios de la oferente.    Para tal efecto, dejo señalado que los rubros que se subcontratará son los  determinados a continuación, de conformidad con el presupuesto detallado en la  Tabla de Cantidades y Precios ofertada.    Identificación del rubro  Valor ($)  % respecto el monto  contractual                          SUMA TOTAL SUMA TOTAL    ----------------------------------------  (LUGAR Y FECHA)            ----------------------------------------    (FIRMA DEL REPRESENTANTE LEGAL)  RAZÓN SOCIAL…………………    Cantón:  Parroquia:",50,8-RESOLUCIONsercop-2023-0138pliegosyreformas-signed.pdf,2025-09-24
contratacion_pli_subinv,FORMULARIOS,"54    SECCIÓN VI  OBLIGACIONES DE LAS PARTES  6.1 Obligaciones del adjudicatario en la aplicación de  transferencia de tecnología  6.2 Obligaciones del contratista  6.3 Obligaciones de la contratante  6.3.1 Obligaciones del contratante en la aplicación de  transferencia de tecnología      Nota: Edición del modelo de pliego. - El presente modelo de pliego es de uso  obligatorio para las entidades contratantes. En consecuencia, las entidades  contratantes asumen la responsabilidad por los ajustes y/o modificaciones realizadas  al presente pliego, así como también por la determinación y aplicabilidad de los  formularios previstos.",54,8-RESOLUCIONsercop-2023-0138pliegosyreformas-signed.pdf,2025-09-24
contratacion_pli_subinv,FORMULARIOS,"60    SECCIÓN IV  VERIFICACIÓN Y EVALUACIÓN DE LAS OFERTAS TÉCNICAS    4.1 Verificación de las ofertas:    4.1.1 Integridad de las ofertas: La integridad de la oferta consiste en la  verificación de la presentación de los formularios y requisitos mínimos previstos  en el pliego.    Luego de esta verificación la entidad contratante determinará si ejecutará la etapa  de convalidación de errores.    I.  Formulario Único de la Oferta:    1.1 Presentación y compromiso;  1.2 Datos generales del oferente;  1.3 Nómina de accionistas, partícipes o socios mayoritarios de personas jurídicas  y declaración de beneficiario final.  1.4 Situación financiera del oferente;  1.5 Tabla de cantidades y precios;   1.6 Componente de los bienes y/o servicios ofertados;   1.7 Personal técnico propuesto para el proyecto. (En caso que la entidad  contratante requiera para la prestación del servicio).  1.8 Equipo mínimo requerido (En caso que la entidad contratante requiera para  la prestación del servicio)  1.9 Declaración de Valor Agregado Ecuatoriano de la oferta  1.10 Cálculo del porcentaje de Valor Agregado Ecuatoriano de la oferta  1.11 Otros parámetros de calificación propuestos por la entidad contratante    II. Formulario de compromiso de asociación o consorcio (de ser procedente)",60,8-RESOLUCIONsercop-2023-0138pliegosyreformas-signed.pdf,2025-09-24
contratacion_pli_subinv,FORMULARIOS,66                                  FORMULARIOS DE SUBASTA INVERSA ELECTRÓNICA DE BIENES  Y/O SERVICIOS  Versión 2023-001,66,8-RESOLUCIONsercop-2023-0138pliegosyreformas-signed.pdf,2025-09-24
contratacion_pli_subinv,FORMULARIOS,"67      MODELO DE PLIEGO DEL PROCEDIMIENTO DE SUBASTA INVERSA  ELECTRÓNICA DE BIENES Y/O SERVICIOS  Versión 2023-001    INDICE  SECCIÓN I  FORMULARIO ÚNICO DE LA OFERTA.    1.1 PRESENTACIÓN Y COMPROMISO.    1.2 DATOS GENERALES DEL OFERENTE.    1.3 NÓMINA DE ACCIONISTAS, PARTÍCIPES O SOCIOS  MAYORITARIOS DE PERSONAS JURÍDICAS Y  DECLARACIÓN DE BENEFICIARIO FINAL.    1.4 SITUACIÓN FINANCIERA.    1.5 TABLA DE CANTIDADES Y PRECIOS.    1.6 COMPONENTES  DE  LOS  BIENES  Y/O  SERVICIOS  OFERTADOS    1.7 PERSONAL TÉCNICO MÍNIMO REQUERIDO.    1.8 EQUIPO MÍNIMO REQUERIDO.    1.9 DECLARACIÓN DEL VALOR AGREGADO ECUATORIANO DE  LA OFERTA.    1.10 CÁLCULO DEL PORCENTAJE DE VALOR AGREGADO  ECUATORIANO    1.11 FORMULARIO PARA LA DECLARACIÓN DE VALOR  AGREGADO ECUATORIANO DE LA OFERTA DE DESARROLLO  DE SOFTWARE Y, ADQUISICIÓN DE SOFTWARE.    1.12 OTROS PARÁMETROS DE CALIFICACIÓN PROPUESTOS  POR LA ENTIDAD CONTRATANTE.",67,8-RESOLUCIONsercop-2023-0138pliegosyreformas-signed.pdf,2025-09-24
contratacion_pli_subinv,FORMULARIOS,"68    III. FORMULARIOS DE SUBASTA INVERSA ELECTRÓNICA DE BIENES Y/O  SERVICIOS     SECCIÓN I  FORMULARIO DE OFERTA    NOMBRE DEL OFERENTE: (Detallar)    1.1  PRESENTACIÓN Y COMPROMISO    El que suscribe, en atención a la convocatoria efectuada por (nombre de la  entidad contratante) para la ejecución de (detalle de los bienes y/o servicios),  luego de examinar el pliego del presente procedimiento, al presentar esta oferta  por (sus propios derechos, si es persona natural) / (representante legal o  apoderado de si es persona jurídica), (procurador común si se trata de  asociación o consorcio) declara que:    1. La única persona o personas interesadas en esta oferta está o están  nombradas en ella, sin que incurra en actos de ocultamiento o simulación  con el fin de que no aparezcan sujetos inhabilitados para contratar con el  Estado.    2. La oferta la hace en forma independiente y sin conexión abierta u oculta con  otra u otras personas, compañías o grupos participantes en este  procedimiento.     3. Al presentar esta oferta, cumple con toda la normativa general, sectorial y  especial aplicable a su actividad económica, profesión, ciencia u oficio.    4. Acepta que en el caso de que se comprobare una violación a los  compromisos establecidos en el presente formulario, la entidad contratante  le descalificará como oferente, o dará por terminado en forma inmediata el  contrato, observando el debido proceso, para lo cual se allana a responder  por los daños y perjuicios que tales violaciones hayan ocasionado.     5. Garantiza la veracidad y exactitud de la información y documentación  proporcionada; así como de las declaraciones realizadas para el presente  procedimiento de contratación, inclusive aquellas respecto de la calidad de  SECCIÓN II  FORMULARIO  DE  COMPROMISO  DE  ASOCIACIÓN  O  CONSORCIO",68,8-RESOLUCIONsercop-2023-0138pliegosyreformas-signed.pdf,2025-09-24
contratacion_pli_subinv,FORMULARIOS,"69    productor nacional; contenidas en los documentos de la oferta, formularios y  otros anexos.     6. Acepta que, en caso de que la entidad contratante o el SERCOP  comprobaren administrativamente que como oferente o contratista hubiere  alterado o faltado a la verdad sobre la documentación o información que  conforma su oferta, dicha falsedad será causal para descalificarlo del  procedimiento de contratación, declararlo adjudicatario fallido, contratista  incumplido; y/o, que en su defecto se apliquen las sanciones previstas en la  Ley Orgánica del Sistema Nacional de Contratación Pública, según  corresponda; sin perjuicio de las acciones legales a que hubiera lugar.    7. En calidad de oferente, no se encuentra incurso en las inhabilidades  generales y especiales para contratar, establecidas en la LOSNCP, su  Reglamento General y demás normativa aplicable.    8. La procedencia de los fondos y recursos utilizados para el presente  procedimiento de contratación pública son de origen lícito; para lo cual,  proporcionará a la entidad contratante, al Servicio Nacional de  Contratación Pública y a los organismos de control  competentes, la  información necesaria referente al representante legal, en el caso de  personas jurídicas; o, del procurador común de los compromisos de  asociación o consorcio o de las asociaciones o consorcios constituidos; así  como de sus socios o partícipes, hasta identificar a la última persona  natural.     9. Entrega la información sobre la identidad de la persona natural que será el  beneficiario final de los recursos públicos y/o quien ejerza el control de las  cuentas bancarias relacionadas o inmersas en el flujo de los recursos  públicos obtenidos como consecuencia del contrato respectivo.     10. Según el caso, se deberá agregar los siguientes numerales:    *(Si el oferente fuere extranjero, se añadirá un literal que dirá: d)  Previamente a la firma del contrato, el oferente se compromete a  domiciliarse en el país conforme lo dispone la Ley de Compañías; y, a  obtener el RUP).    *(Si el lugar donde se va a ejecutar la obra o se destinarán los bienes y/o  servicios objeto de la contratación pertenece al ámbito territorial  determinado en la Ley Orgánica para la Planificación Integral de la",69,8-RESOLUCIONsercop-2023-0138pliegosyreformas-signed.pdf,2025-09-24
contratacion_pli_subinv,FORMULARIOS,"73    1.4  SITUACIÓN FINANCIERA    La situación financiera del oferente se demostrará con la presentación del  formulario de declaración de impuesto a la renta del ejercicio fiscal inmediato  anterior que fue entregada al Servicio de Rentas Internas, SRI.    El participante presentará la información requerida para la entidad contratante  para los índices financieros por ella solicitada, conforme el siguiente cuadro:    Índice  Indicador  solicitado  Indicador declarado  por el oferente  Archivo  Solvencia        Endeudamiento        Otro índice resuelto por  la entidad contratante           1.5.  TABLA DE CANTIDADES Y PRECIOS     Código  CPC  Descripción  del bien   Unidad  Cantidad  Precio  Unitario  Precio  Total              TOTAL      (Nota: Estos precios no incluyen IVA)    PRECIO TOTAL DE LA OFERTA: (en letras y números).    1.6.  COMPONENTES DE LOS BIENES Y/O SERVICIOS OFERTADOS    El oferente deberá llenar el formato de la tabla de los componentes de los bienes  y/o servicios, en la cual se deben incluir todos y cada uno de los rubros ofertados,  que respondan a los requerimientos de la entidad contratante.    Especificación Técnica Requerida  Especificación Técnica Ofertada",73,8-RESOLUCIONsercop-2023-0138pliegosyreformas-signed.pdf,2025-09-24
contratacion_pli_subinv,FORMULARIOS,"75      El proveedor, como parte de la entrega de la oferta, presentará los siguientes  datos:    1.10. CÁLCULO  DE  PORCENTAJE  DE  VALOR  AGREGADO  ECUATORIANO    Formulario de Declaración de Valor Agregado Ecuatoriano de la oferta  Si  No  (a) ¿Es usted DISTRIBUIDOR, COMERCIANTE, IMPORTADOR,  REPRESENTANTE DIRECTO o INTERMEDIARIO de los bienes y/o  servicios que conforman su oferta? RECUERDE que usted puede  responder  NO  a  esta  pregunta,  SOLO  si  es  PRODUCTOR  (FABRICANTE) de una parte o de la totalidad, de los productos que son  objeto de esta contratación.  Valor en  USD$.  (b) ¿Cuánto va a importar o importó, directamente, para cumplir con esta  oferta?1          (c) ¿Cuánto va a comprar o compró en el Ecuador, pero que es importado,  para cumplir con esta oferta?            El oferente del Estado deberá tener siempre todos los documentos de respaldo de  su formulario de Declaración de Valor Agregado Ecuatoriano, incluso aquellos  fechados doce meses previos a la adjudicación del contrato con el Estado. Estos  documentos serán usados en la verificación respectiva de su declaración de Valor  Agregado Ecuatoriano.    Notas:   Como respaldo de la pregunta (a), el oferente del Estado deberá tener  siempre como justificativo sus declaraciones aduaneras de importaciones y  facturas de importación. El oferente podrá presentar también cotizaciones  oficiales enviadas desde el exterior siempre y cuando éstas estén  debidamente legalizadas. En este caso el valor que conste en la cotización                                                             1 El valor declarado en (a) debe ser el valor CIF “Costo, seguro y flete”; es decir, que incluye el  costo de la mercancía, el del transporte, así como el seguro. Los costos pagados dentro del  territorio nacional (como por ejemplo agentes de aduana) para la importación, desaduanización y  otros servicios relacionados, no se deben tomar en cuenta.",75,8-RESOLUCIONsercop-2023-0138pliegosyreformas-signed.pdf,2025-09-24
contratacion_pli_subinv,FORMULARIOS,"77    procedimientos, escogiendo el CPC del producto (bien o servicio) que  tenga el mayor peso dentro del presupuesto referencial).   Se recomienda revisar las EXCEPCIONES para que un oferente pueda  declararse PRODUCTOR, establecidas en la Metodología de Declaración  de Valor Agregado Ecuatoriano que se encuentra vigente.     Las entidades contratantes, al momento de revisar la declaración del Valor  Agregado Ecuatoriano de la oferta, deberán también comprobar la respuesta  entregada por el oferente a la pregunta inicial del formulario, bajo los siguientes  criterios:     La pregunta inicial debe ser respondida de forma obligatoria por el  proveedor, en caso de que no se responda, deberá solicitarse dicha  información en la etapa de convalidación de errores.   La respuesta entregada por el proveedor solo puede ser “Si” o “No”,  nunca ambas al mismo tiempo.    1.11. FORMULARIO  PARA  LA  DECLARACIÓN  DE  VALOR  AGREGADO ECUATORIANO DE LA OFERTA DE DESARROLLO DE  SOFTWARE Y, ADQUISICIÓN DE SOFTWARE. (De ser procedente)    El que suscribe, (por mis propios derechos o en calidad de representante legal de  la compañía..., o del consorcio...) declaro bajo juramento y en pleno conocimiento  de las consecuencias legales que conlleva faltar a la verdad, que:    •  Libre y voluntariamente presento la información que detallo más adelante,  para fines única y exclusivamente relacionados con el presente  procedimiento de contratación;  •  Garantizo la veracidad y exactitud de la presente información; y, autorizo a  la entidad contratante, al Servicio Nacional de Contratación Pública, o a  los órganos de control, a efectuar averiguaciones para comprobar tal  información.  •  Autorizo a que esta información se transparente a través del Portal  Institucional del Servicio Nacional de Contratación Pública; y, doy mi  consentimiento para que se realicen las verificaciones que sean pertinentes  en cualquier momento y sin previo aviso.  •  Como oferente me comprometo a tener, en el momento que el Servicio  Nacional de Contratación Pública lo solicite, la documentación de respaldo  necesaria para el cálculo del VAE, para la verificación correspondiente.  •  La falta de veracidad de la información presentada por el oferente será  causa de descalificación de la oferta, declararlo adjudicatario fallido o de",77,8-RESOLUCIONsercop-2023-0138pliegosyreformas-signed.pdf,2025-09-24
contratacion_pli_subinv,FORMULARIOS,"78    terminación unilateral del contrato, según corresponda; sin perjuicio de las  acciones sancionatorias administrativas o acciones judiciales a las que  hubiera lugar.    El proveedor, como parte de la entrega de la oferta, presentará la siguiente  información:    FORMULARIO DE DECLARACIÓN DE VALOR AGREGADO  ECUATORIANO DE LA OFERTA    1.- ¿El producto desarrollado u ofertado, o el producto objeto del servicio de su  oferta es software de código abierto?        2.- Por favor llenar la siguiente tabla para los casos de consultorías para el  desarrollo de software, o adquisición de software:    PROCESO  PONDERACIÓN  (a)  ECUATORIANOS   (b)  EXTRANJEROS  (c)  % ECUATORIANO  (a x b/(b+c))  Análisis  20%        Diseño  25%        Codificación  45%        Prueba  5%        Implementación  5%        VAEP            VAEP = ____ %    a = Ponderación de cada proceso del desarrollo del software (fijo)  b = Número de personas ecuatorianas contratadas que participan en cada proceso  del desarrollo del software  c = Número de personas extranjeras contratadas que participan en cada proceso  del desarrollo del software  VAEP = Resultado de la fórmula      3.- Por favor llenar la siguiente tabla para otros servicios prestados en los que no  se considere el desarrollo de software (excepto consultoría para el desarrollo de  software y, adquisición de software):    Si  No",78,8-RESOLUCIONsercop-2023-0138pliegosyreformas-signed.pdf,2025-09-24
contratacion_pli_subinv,FORMULARIOS,"79    SERVICIO  PONDERACIÓN * (a)  ECUATORIANOS  (b)  EXTRANJEROS  (c)  %  ECUATORIANO   (a x b/(b+c))                      VAES          * El número de servicios a calificar será variable y determinado por la entidad  contratante conforme el alcance y objeto de contratación. Por tanto, la  ponderación variará, de acuerdo a la fórmula 100/n.    VAEP = ____ %    VAES = ____ %    SERVICIO = Tipo de servicio de software que se está ofertando.  a = Ponderación de cada servicio de software (100/número de servicios).  b = Número de personas contratadas nacionales que participan en la prestación de  cada servicio de software de su oferta.  c = Número de personas contratadas extranjeras que participan en la prestación de  cada servicio de software de su oferta.    VAEP = Resultado de la fórmula,  , según el numeral 2.  En caso que el software objeto del servicio es software de código abierto, el  VAEP es 1, de lo contrario, el VAEP se calcula como en el numeral 2.    VAES = Resultado de la fórmula,      El oferente del Estado deberá tener siempre todos los documentos de respaldo de  su formulario de Declaración de Valor Agregado Ecuatoriano. Estos documentos  serán usados en la verificación respectiva de su declaración de Valor Agregado  Ecuatoriano.    Las entidades contratantes, al momento de revisar la declaración del Valor  Agregado Ecuatoriano de la oferta, deberán también comprobar la respuesta  entregada por el oferente a la pregunta inicial del formulario, bajo los siguientes  criterios:     La pregunta inicial debe ser respondida de forma obligatoria por el  proveedor, en caso de que no se responda, deberá solicitarse dicha  información en la etapa de convalidación de errores.   La respuesta entregada por el proveedor en la primera pregunta solo",79,8-RESOLUCIONsercop-2023-0138pliegosyreformas-signed.pdf,2025-09-24
contratacion_pli_subinv,FORMULARIOS,"80    puede ser “Si” o “No”, nunca ambas al mismo tiempo.    Como documento de verificación del formulario de declaración del VAE, el  oferente deberá presentar como anexo el registro de propiedad intelectual,  conforme a la legislación del país de origen del software, donde conste la lista de  programadores, desarrolladores o autores que intervinieron o que intervinieren en  el desarrollo del software. En caso de no presentarse esta documentación, se  asumirá que el software es 100% de origen extranjero y su VAE será igual a cero.    En la consultoría para el desarrollo de software, el Servicio Nacional de  Contratación Pública verificará que el personal declarado hubiere sido  efectivamente contratado para el objeto de la contratación, y que su autoría se  reconozca expresamente en los créditos del software resultante. En la adquisición  de software y en los otros servicios en los que no se considere el desarrollo de  software, el oferente presentará la lista de programadores, desarrolladores o  autores que estuvieren efectivamente incluidos en los créditos del software, tal  como conste en el registro de propiedad intelectual, conforme a la legislación del  país de origen del software, así como el listado del personal técnico involucrado  en la prestación del servicio contratado. En todos los casos el oferente deberá  indicar quiénes de las personas que constaren en la lista son efectivamente  ecuatorianos.    1.12. OTROS PARÁMETROS DE CALIFICACIÓN PROPUESTOS POR  LA ENTIDAD CONTRATANTE     No.  Parámetro  Dimensión  Su valoración            Para constancia de lo ofertado, suscribo este formulario,    -------------------------------------------------------  FIRMA DEL OFERENTE, SU REPRESENTANTE LEGAL, APODERADO  O PROCURADOR COMÚN (según el caso)    (LUGAR Y FECHA)      SECCIÓN II  FORMULARIO DE COMPROMISO DE ASOCIACIÓN O CONSORCIO",80,8-RESOLUCIONsercop-2023-0138pliegosyreformas-signed.pdf,2025-09-24
contratacion_pli_subinv,FORMULARIOS,"85    1.2. Formulación metodológica.    Etapa 1.  Caracterización de los componentes del Proyecto  La información primaria a partir de la cual se desarrolla esta etapa es el presupuesto referencial del  proyecto, originado en los estudios de diseño e ingeniería definitivos. Este aspecto tiene vital  importancia no solamente para el análisis de desagregación tecnológica sino para su posterior  ejecución. De carecerse de esta información o en la eventualidad de que su calidad y precisión no  estuvieren garantizadas, los resultados a obtenerse no podrán materializarse y en consecuencia, no  se cumplirá el objetivo previsto por la LOSNCP.    Para efectos de la metodología, los componentes no son otra cosa que todos y cada uno de los  rubros que conforman el presupuesto y el resultado a determinarse en esta etapa será el  establecimiento del peso relativo de cada uno de ellos y, cuya sumatoria deberá ser equivalente al  100%; complementariamente se habrá categorizado cada uno de los rubros de acuerdo al código  CPC.    Etapa 2.   Determinación de la participación ecuatoriana de los rubros del Proyecto  La determinación de la participación ecuatoriana de cada uno de los rubros se expresará en  porcentaje unitario.     El „„Análisis de Precios Unitarios‟‟ es el insumo fundamental para cuantificar el componente  ecuatoriano que tiene su Valor Agregado Ecuatoriano.     El FORMULARIO UNICO DE LA OFERTA, del modelo de pliegos de uso obligatorio establece  la estructura general del „„Análisis de Precios Unitarios‟‟ tal como se muestra en la figura, a  continuación:    ANÁLISIS DE PRECIOS UNITARIOS  Rubro:           Descripción:           Unidad     EQUIPOS  Descripción  Cantidad  Tarifa  Costo hora  Rendimiento  Costo     A  B  C=A*B  R  D=C*R  SUBTOTAL M  MANO DE OBRA  Descripción  Cantidad  Jornal/hr  Costo hora  Rendimiento  Costo     A  B  C=A*B  R  D=C*R  SUBTOTAL N  MATERIALES                 Descripción     Unidad  Cantidad  Precio Unitario  Costo           A  B  C=A*B  SUBTOTAL O",85,8-RESOLUCIONsercop-2023-0138pliegosyreformas-signed.pdf,2025-09-24
contratacion_pli_subinv,FORMULARIOS,"86    TRANSPORTE  Descripción     Unidad  Cantidad  Tarifa  Costo           A  B  C=A*B  SUBTOTAL P  TOTAL COSTO DIRECTO (M+N+O+P)     INDIRECTOS %     UTILIDAD %     COSTO TOTAL DEL RUBRO     VALOR OFERTADO       Del formulario precedente se desprende que existen cuatro componentes fundamentales que hacen  la estructura del costo para la ejecución de una unidad de un determinado rubro de obra: equipos,  mano de obra, materiales y transporte; tal estructura responde plenamente a la definición de Valor  Agregado Ecuatoriano señalado anteriormente y en tal razón es aplicable para su determinación.    Cada componente en la estructura del costo está compuesta por diferentes elementos de acuerdo  con la naturaleza del rubro; la metodología propone que, para establecer el Valor Agregado  Ecuatoriano del rubro, será necesario hacerlo previamente para cada uno de los componentes y sus  elementos de acuerdo con lo señalado en el siguiente diagrama:    -  Cada elemento de los componentes se categorizará de  acuerdo al código CPC al que pertenece.  -  A partir del costo de cada elemento de los diferentes  componentes del precio unitario se calculará el peso  relativo en porcentaje que cada uno de ellos representa  con respecto del Costo Directo del Rubro.  -  Si  un  componente  tuviera  varios  elementos  constitutivos, el cálculo se lo hará por cada uno de  ellos.                         ENTIDADES:  -  Para la definición del porcentaje de Valor Agregado  Ecuatoriano de cada elemento de los componentes del  precio unitario, deberán sujetarse al listado de CPC y  umbrales de VAE publicado por el Servicio Nacional  de Contratación Pública.    PROVEEDORES:  -  El Valor Agregado Ecuatoriano de los elementos se  establecerá a través del formulario “Declaración del  Valor Agregado Ecuatoriano”.  -  Incorporación del Valor Agregado Ecuatoriano de  cada elemento de los componentes del Precio  Unitario en el Análisis de Precio Unitario;  -  Ponderación del Valor Agregado Ecuatoriano de cada  elemento con el peso relativo de su Costo Directo;  Paso 3  Determinación del Valor  Agregado Ecuatoriano del Rubro  Paso 2  Identificación del Valor Agregado  Ecuatoriano de cada elemento  de los componentes del Precio  Unitario Paso 1  Determinación del peso relativo  de cada elemento de los  componentes del Precio Unitario",86,8-RESOLUCIONsercop-2023-0138pliegosyreformas-signed.pdf,2025-09-24
contratacion_pli_subinv,FORMULARIOS,87    - Determinación del Valor Agregado Ecuatoriano  del Rubro como resultado de la suma de los  parciales ponderados.  -    La aplicación de los pasos señalados se evidencia en el formulario que se presenta a  continuación:    Rubro: Descripción: Unidad: Descripción Cantidad Tarifa Costo hora Rendimiento Costo T A B C=A*B R D=C*R (Td) (PRT = Td / Q) ? ? Vi (%) VAEt =PRT*Vi (%) Descripción Cantidad Jornal/hr Costo hora Rendimiento Costo X A B C=A*B R D=C*R (Xd) (PRX = Xd / Q) ? ? Vi (%) VAEx =PRX*Vi (%) Descripción Unidad Cantidad Precio Unitario Costo Y A B C=A*B (Yd) (PRY = Yd / Q) ? ? Vi (%) VAEy =PRY*Vi (%) Descripción Unidad Cantidad Tarifa Costo Z A B C=A*B (Zd) (PRZ = Zd / Q) ? ? Vi (%) VAEz =PRZ*Vi (%) (Q) Pri: NP: EP: ND: ΣPRi= 100% VAErubro =     ΣVAEi Peso relativo del elemento i Elemento Enteramente Producido Elemento No Producido Elemento que no hace parte de las listas anteriores. Terminología: Peso Relativo Elemento (%) CPC Elemento NP / EP / ND VAE (%) VAE (%) Elemento Peso Relativo Elemento (%) CPC Elemento NP / EP / ND VAE (%) VAE (%) Elemento Peso Relativo Elemento (%) CPC Elemento NP / EP / ND VAE (%) VAE (%) Elemento VALOR OFERTADO DETERMINACIÓN DEL VAE DEL RUBRO Peso Relativo Elemento (%) CPC Elemento NP / EP / ND VAE (%) VAE (%) Elemento TRANSPORTE SUBTOTAL P TOTAL COSTO DIRECTO (M+N+O+P) INDIRECTOS % UTILIDAD % COSTO TOTAL DEL RUBRO ANÁLISI DE PRECIO UNITARIO EQUIPOS SUBTOTAL M MANO DE OBRA SUBTOTAL N SUBTOTAL O MATERIALES     Etapa 3. Determinación del Porcentaje de Participación Ecuatoriana Mínimo del Proyecto    En el formulario principal - Presupuesto-:    -  Se registrará el Valor Agregado Ecuatoriano de cada Rubro del Proyecto;    -  Se procede a la ponderación del Valor Agregado Ecuatoriano de cada Rubro con su peso relativo en  relación al Presupuesto Total.,87,8-RESOLUCIONsercop-2023-0138pliegosyreformas-signed.pdf,2025-09-24
contratacion_pli_subinv_5,FORMULARIOS,"F01.PR01-M13.P04.S02 Especificaciones Técnicas – SIE    M14. Gestión de Desarrollo Administrativo Empresarial.  P04. Gestión de Compras Públicas   S02. Gestión de Contratación Pública SERCOP  Versión: 4.0.  Página 23 de 29           Calle San Francisco, Kilómetro 1/2 vía a Crucita   Portoviejo, Manabí, Ecuador.  (593) (5) 3701 960  www.portoaguas.gob.ec       indicar su aceptación o renuncia al Reajuste de Precios, previo a la celebración del contrato y así se  hará constar en el mismo.  17. PARÁMETROS DE EVALUACIÓN:  Para la verificación del cumplimiento de los requisitos mínimos se estará a la metodología CUMPLE  o NO CUMPLE de los siguientes parámetros:  Parámetro  CUMPLE  NO CUMPLE  Integridad de la Oferta      Experiencia general Mínima del Oferente  NO APLICA  Experiencia específica Mínima del Oferente  NO APLICA  Especificaciones Técnicas / Términos de Referencia      Equipo Técnico Mínimo  NO REQUERIDO  Personal Técnico Mínimo  NO REQUERIDO  Experiencia Mínima de Personal Técnico  NO REQUERIDO  Patrimonio (Personas Jurídicas)      Otro(s) parámetro(s) resuelto por  la entidad contratante  NO REQUERIDO    ❖  INTEGRIDAD DE LA OFERTA  Consiste en la verificación de la presentación de los formularios (tanto los generados por el  Módulo Facilitador de la Contratación Pública - MFC, así como los modelos de Formularios  de la Oferta oficializados por el SERCOP en su biblioteca y que se encuentran en los anexos  de los pliegos del presente procedimiento) y los requisitos mínimos solicitados.    Acorde a los artículos números 32 y 74 del Reglamento a le Ley Orgánica del Sistema  Nacional de Contratación Pública, así como el Artículo Nro. 20, de la Normativa Secundaria  de la misma Ley, se verificará que las ofertas presentadas, cada anexo o documentación de  respaldo que se adjunte este firmado por el proveedor participante electrónicamente.    Las ofertas serán presentadas en los modelos obligatorios de formularios, dispuestos por el  SERCOP, los cuales no serán susceptibles de modificación por parte de las entidades  contratantes ni de los oferentes, por lo que deben adherirse a su contenido. En estos  modelos el SERCOP evitara requerir información innecesaria o que pueda obtenerse en  registros públicos, de tal forma lo que permanentemente aplicará procesos de depuración y  optimización de tal forma que los proveedores puedan presentar sus ofertas de manera  ágil, fácil y clara. La utilización de modelos facilitadores para ofertar…(…)…",23,1-ESPECIFICACIONES_TECNICAS_REACTIVOS.pdf,2025-09-24
contratacion_pli_subinv (1),FORMULARIOS,"2.5 Formulario para la elaboración de las ofertas SECCIÓN III FASE CONTRACTUAL 3.1   Ejecución del contrato NOTAS: Edición del modelo de pliego.- Las condiciones generales no son materia de ajuste y/o modificaciones por parte de las entidades contratantes. Las condiciones generales son principios básicos, estipulaciones o cláusulas establecidas, con el objeto de regular la relación con los partícipes en el presente procedimiento de contratación pública, en el marco de la legislación aplicable.  La normativa y disposiciones administrativas expedidas por el Servicio Nacional de Contratación Pública que se emitan durante el procedimiento, quedan incorporadas al Pliego de Condiciones Generales y se aplicarán de manera obligatoria.",2,65-CONDICIONESGENERALESDELPLIEGO.pdf,2025-09-24
contratacion_pli_subinv (1),FORMULARIOS,"Contratación Pública y podrá realizarse de conformidad a la normativa expedida por el Servicio Nacional de Contratación Pública. 1.8 Convalidación de errores de forma: Si se presentaren errores de forma, los oferentes, en el término previsto en el cronograma contado a partir de la fecha de notificación, podrán convalidarlos, previa petición de la entidad contratante, conforme a lo previsto en al artículo 23 del Reglamento General de la Ley Orgánica del Sistema Nacional de Contratación Pública y en la normativa expedida por el Servicio Nacional de Contratación Pública para el efecto. 1.9 Causas de rechazo: Luego de evaluados los documentos de la oferta, la Comisión Técnica o el delegado de la máxima autoridad, según el caso, rechazará una oferta por las siguientes causas: 1.9.1 Si no cumpliera los requisitos exigidos en las condiciones generales y  particulares, que incluyen las especificaciones técnicas o términos de referencia, y los formularios de este pliego. 1.9.2 Si se hubiera entregado y/o presentado la oferta en lugar distinto al fijado o después de la hora establecida para ello, o no se hubiera subido el valor de la propuesta al Portal Institucional del Servicio Nacional de Contratación Pública. 1.9.3 Cuando las ofertas contengan errores sustanciales, y/o evidentes, que no puedan ser convalidados, de acuerdo a lo señalado en la normativa expedida por el Servicio Nacional de Contratación Pública. 1.9.4 Si el contenido de cualquiera de los acápites de los formularios difiriere del previsto en el pliego, condicionándolo o modificándolo, de tal forma que se alteren las condiciones contempladas para la ejecución del contrato. De igual forma, si se condicionara la oferta con la presentación de cualquier documento o información. 1.9.5 Si el oferente no hubiere atendido la petición de convalidación, en el término fijado para el efecto, de acuerdo a lo dispuesto en el artículo 23 del Reglamento General de la Ley Orgánica del Sistema Nacional de Contratación Pública y en la normativa expedida por el Servicio Nacional de Contratación Pública, siempre y cuando el error no convalidado constituya causal de rechazo. 1.9.6 Si al momento de la presentación de la propuesta, el oferente interesado no se encontrare habilitado en el Registro Único de Proveedores. 1.9.7 Las ofertas de las personas jurídicas que no cumplan con las reglas de participación expedidas por el Servicio Nacional de Contratación Pública para el efecto.",9,65-CONDICIONESGENERALESDELPLIEGO.pdf,2025-09-24
contratacion_pli_subinv (1),FORMULARIOS,"El porcentaje de Valor Agregado Ecuatoriano es el valor mínimo a cumplir para definir si un bien y/o servicio es de origen ecuatoriano. La metodología a utilizar para la determinación del Valor Agregado Ecuatoriano de las ofertas en los procedimientos para la contratación de bienes y servicios, será la expedida por el Servicio Nacional de Contratación Pública. Para que una oferta sea considerada como de origen ecuatoriano, el Valor Agregado Ecuatoriano de ella, obtenido a partir de la aplicación de la metodología señalada en el párrafo precedente, deberá ser igual o superior al dispuesto en la normativa expedida por el Servicio Nacional de Contratación Pública para el efecto. El Valor Agregado Ecuatoriano de una oferta se lo obtendrá a partir de la información que los proveedores suministrarán a través del formulario “Declaración de Valor Agregado Ecuatoriano” que es parte de la normativa expedida por el Servicio Nacional de Contratación Pública para el efecto. Se presentará un formulario por cada tipo de bienes y servicios que fueran parte del procedimiento de contratación, según su tipología, y se utilizará la metodología señalada. Toda entidad contratante deberá, en forma obligatoria, incorporar en las actas de entrega-recepción, sean parciales o definitivas, la declaración del contratista respecto del cumplimiento del Valor Agregado Ecuatoriano propuesto y aceptado para los bienes y/o servicios entregados o prestados; y, para el caso de que el contratista no sea productor de los bienes contratados, como parte del proceso de entrega recepción, deberá adjuntar obligatoriamente las facturas de su adquisición. 1.22 Vigencia Tecnológica: Para el caso de la adquisición, arrendamiento y prestación de servicios en los que se requiera de equipos informáticos, equipos de impresión, vehículos, equipos médicos y proyectores, se deberá aplicar el principio de vigencia tecnológica, conforme a la regulación emitida por el Servicio Nacional de Contratación Pública. 1.23 Control ambiental: En los casos que sea necesario, el contratista deberá realizar todas las actividades necesarias para evitar impactos ambientales negativos, durante el período de ejecución contractual, cumpliendo con la normativa ambiental vigente. 1.24 Autoinvitación: La autoinvitación, con excepción de los procedimientos de Menor Cuantía, es una opción del Portal Institucional del Servicio Nacional de Contratación Pública que  podrá ser utilizada por cualquier oferente interesado en participar en el presente procedimiento, que no se hubiere registrado en el Código del Clasificador Central de Producto (CPC) correspondiente, para lo cual deberá proceder previamente a recategorizarse en el Servicio Nacional de Contratación Pública.",15,65-CONDICIONESGENERALESDELPLIEGO.pdf,2025-09-24
contratacion_pli_subinv (1),FORMULARIOS,"La entidad contratante, bajo su responsabilidad, deberá asegurar que los parámetros de evaluación publicados en el Portal Institucional del Servicio Nacional de Contratación Pública sean los que realmente se utilizarán en el procedimiento. 2.3 De la evaluación: Las capacidades requeridas a través de los parámetros de evaluación serán analizadas con cualquiera de estas opciones: a) Utilizando una única etapa de evaluación a través de la metodología “Cumple/No Cumple”, cuando se trate de un procedimiento de Subasta Inversa Electrónica, Menor Cuantía de obras, bienes o servicios, y, contratación directa de consultoría; y, b) Utilizando las dos etapas de evaluación señaladas en el numeral 2.1, para todos los demás procedimientos de contratación de Régimen Común; la primera, bajo la metodología “Cumple / No Cumple” y posteriormente, solo con los oferentes calificados, la segunda que será “Por Puntaje” a través del Portal Institucional del Servicio Nacional de Contratación Pública. Se estará a la metodología “Cumple / No Cumple” cuando el objetivo sea la determinación de cumplimiento de una condición o capacidad mínima por parte del oferente y que sea exigida por la entidad contratante (Requisitos mínimos). Los índices financieros previstos en el pliego, en caso de ser considerados, no constituirán un requisito mínimo de obligatorio cumplimiento y en consecuencia tendrán un carácter informativo. Se estará a la metodología “Por Puntaje” cuando el objetivo sea el establecimiento de mejores condiciones o capacidades de entre los oferentes que han acreditado previamente una condición o capacidad mínima requerida. a. Primera Etapa: Integridad de las ofertas y verificación de requisitos mínimos. Metodología “Cumple/ No Cumple” a.1. Integridad de las ofertas.- Se revisará que las ofertas incluyan en el formulario único los documentos requeridos en las condiciones particulares del pliego según la naturaleza del procedimiento de contratación todos los formularios definidos en el presente pliego, conforme el siguiente detalle: I. Formulario Único de la Oferta II. Formulario de compromiso de asociación o consorcio El Formulario Único de la Oferta contendrá los documentos, claramente descritos en las condiciones particulares de los pliegos para la contratación de bienes y/o servicios",17,65-CONDICIONESGENERALESDELPLIEGO.pdf,2025-09-24
contratacion_pli_subinv (1),FORMULARIOS,"Aquellas ofertas que contengan los Formularios de la Oferta debidamente elaborados y suscritos, pasarán a la etapa de evaluación “cumple / no cumple”; caso contrario serán rechazadas. a.2. Verificación de requisitos mínimos y especificaciones técnicas: Evaluación de la oferta técnica (cumple / no cumple).- Los parámetros de calificación deberán estar definidos y dimensionados por la entidad contratante, no darán lugar a dudas, ni a interpretación o a la subjetividad del evaluador, se considerarán parámetros técnico- económicos con dimensionamiento de mínimos admisibles y de obligatorio cumplimiento. De acuerdo a la naturaleza del objeto de la contratación, la entidad podrá acoger y considerar varios parámetros de entre los establecidos en el Portal Institucional del Servicio Nacional de Contratación Pública o los sugeridos a manera de ejemplo: equipo mínimo, experiencia general mínima, personal técnico mínimo, experiencia personal técnico, etc.  El cumplimiento de los parámetros deberá ser absoluto, de manera afirmativa o negativa.  Solamente aquellas ofertas que cumplieran con todos los parámetros establecidos podrán habilitarse para la siguiente etapa del procedimiento. En el caso que la entidad contratante considere necesario añadir un parámetro adicional éste deberá ser debidamente sustentado, relacionado con el objeto de la contratación y no contravenir la Ley Orgánica del Sistema Nacional de Contratación Pública, su Reglamento o la normativa expedida por el Servicio Nacional de Contratación Pública; deberá estar completamente definido, no será restrictivo ni discriminatorio y deberá establecer su indicador y el medio de comprobación. Aquellas ofertas que cumplan integralmente con los parámetros mínimos, pasarán a la etapa de evaluación de ofertas con puntaje, caso contrario serán descalificadas. b. Segunda Etapa: Evaluación por puntaje En esta etapa (que no es aplicable en los procedimientos de Subasta Inversa Electrónica y Menor Cuantía) se procederá a la ponderación valorada de las condiciones diferenciadoras de las ofertas para cada uno de los parámetros señalados en el pliego, a partir de la acreditación de mejores condiciones que las fijadas como mínimos o máximos. En las condiciones particulares del presente pliego se describen los parámetros por la entidad contratante para este procedimiento de contratación, los cuales estarán completamente definidos, no serán restrictivos o discriminatorios y contarán con el medio de medición y comprobación. Podrá incorporarse otros siempre y cuando no contravengan la Ley Orgánica del Sistema Nacional de Contratación Pública, su Reglamento o la normativa expedida por el Servicio Nacional de Contratación Pública; debiendo estar completamente definidos, no serán restrictivos ni discriminatorios y deberá establecerse su indicador y el medio de comprobación.",18,65-CONDICIONESGENERALESDELPLIEGO.pdf,2025-09-24
contratacion_pli_subinv (1),FORMULARIOS,"Dicha calificación permitirá la adecuada aplicación del criterio de mejor costo previsto en los numerales 17 y 18 del artículo 6 de la Ley Orgánica del Sistema Nacional de Contratación Pública . Por regla general, se deberá adjudicar a la oferta que obtenga el mayor puntaje de acuerdo a la valoración de los parámetros y cuyos resultados combinen los aspectos técnicos, financieros, legales y económicos de las ofertas. Al evaluar las ofertas presentadas por una asociación, consorcio o compromiso de asociación o consorcio, las entidades contratantes deberán considerar los aportes de cada participante, con base en la información que deberá desglosarse a través del Formulario correspondiente. En la metodología de evaluación por puntajes se observará el principio de la proporcionalidad o ponderación y en consecuencia la aplicación de puntajes de “cero” no es pertinente. 2.4. Índices financieros.- Corresponde a la entidad contratante señalar en los pliegos los índices financieros que va a utilizar en el procedimiento de contratación y cuál es el valor mínimo/máximo para cada uno de ellos, por lo que, los señalados en los modelos de pliegos expedidos por el Servicio Nacional de Contratación Pública , son referenciales. El incumplimiento de los índices financieros no será causal de rechazo de la oferta. 2.5. Formulario para la elaboración de las ofertas: El oferente presentará su oferta en base a la información contenida en el Formulario Único de la Oferta. SECCIÓN III FASE CONTRACTUAL 3.1 Ejecución del contrato: 3.1.1 Inicio, planificación y ejecución contractual: El contratista prestará los servicios o entregará los bienes dentro del plazo establecido en el contrato. Iniciada la ejecución del contrato y durante toda la vigencia del mismo, el contratista analizará conjuntamente con el administrador del contrato el cumplimiento del mismo, de acuerdo con el cronograma entregado por él en su oferta. Por razones no imputables al contratista y debidamente justificadas, el administrador del contrato podrá modificar y actualizar el cronograma de ejecución contractual.",19,65-CONDICIONESGENERALESDELPLIEGO.pdf,2025-09-24
